{
  "bot": [
    {
      "login_at": 1773336446.4402196
    },
    {
      "login_at": 1773336446.754496
    }
  ]
}