{
  "lucas": [
    {
      "login_at": 1773337579.384311
    },
    {
      "login_at": 1773350779.4506216
    },
    {
      "login_at": 1773350847.6307256
    }
  ],
  "maria": [
    {
      "login_at": 1773350847.7201684
    },
    {
      "login_at": 1773351233.1611977
    }
  ]
}