{
  "maria": [
    {
      "login_at": 1773337579.441244
    },
    {
      "login_at": 1773350779.451434
    }
  ],
  "lucas": [
    {
      "login_at": 1773351233.1667387
    }
  ]
}